index,p0,p1,p2,p3,p4,p5,p6,p7,p8,p9,p10,p11,p12,p13,p14,p15,p16,p17,p18,p19,p20,p21,p22,p23,p24,p25,p26,p27,p28,p29,p30,p31,p32,p33,p34,p35,p36,p37,p38,p39,p40,p41,p42,p43,p44,p45,p46,p47,p48,p49,p50,p51,p52,p53,p54,p55,p56,p57,p58,p59,p60,p61,p62,p63,thermistor,time,x,y
1348,19.0,20.0,19.75,19.5,19.5,19.5,19.75,19.25,18.75,19.25,19.75,19.25,20.0,19.75,20.0,19.5,19.25,19.5,20.0,20.25,20.0,19.75,19.25,19.25,19.5,19.75,20.0,19.5,20.25,20.0,19.5,20.25,19.0,19.5,20.0,19.75,19.75,20.25,19.5,20.0,19.5,19.0,19.25,20.0,20.25,20.25,20.25,19.75,18.75,19.25,19.75,19.5,20.25,20.0,20.25,19.5,18.75,18.75,19.25,19.75,19.25,20.0,19.5,19.75,24.87,2020-11-05 03:01:09.244,-1.5681364309368158,3.806545689683006
1349,18.75,19.25,19.75,19.75,19.75,20.0,19.5,19.0,19.0,19.75,19.5,20.0,19.25,20.0,20.0,19.0,19.5,19.0,19.75,20.25,19.75,20.0,19.75,19.5,19.5,19.5,19.75,19.75,20.0,20.0,19.25,20.0,19.25,19.0,20.0,20.0,19.75,20.0,19.5,19.25,19.0,19.0,19.5,19.5,20.0,20.0,19.75,19.25,18.5,19.5,19.5,19.75,20.25,19.5,20.0,19.0,18.5,18.75,19.5,20.0,19.5,19.5,19.25,19.75,24.81,2020-11-05 03:01:09.345,-1.513870415640106,3.8873054507280336
1350,18.25,19.25,19.75,19.25,19.25,19.75,19.5,19.0,18.75,19.5,19.25,19.5,20.25,19.25,20.0,19.75,19.25,19.25,19.75,20.0,19.75,19.75,19.25,19.0,19.25,19.75,19.75,20.25,20.0,20.0,19.5,19.5,19.25,19.25,19.75,20.25,20.0,20.25,20.0,19.5,19.25,19.25,20.0,20.0,19.75,19.5,19.75,19.5,18.75,19.25,19.5,19.75,19.75,19.75,20.0,19.75,18.0,18.5,19.25,20.0,19.5,19.5,19.75,19.75,24.81,2020-11-05 03:01:09.448,-1.449123321472082,3.9597466062546927
1351,18.75,19.75,19.75,19.0,19.5,19.75,19.75,19.75,18.75,19.75,19.75,19.5,20.0,19.75,19.75,19.5,19.25,19.5,19.25,20.0,19.5,20.0,19.5,19.25,19.5,20.0,19.25,20.0,20.0,19.75,19.75,19.75,19.0,19.25,20.0,20.0,19.75,20.0,20.0,19.25,19.25,19.25,19.5,19.25,19.75,20.25,19.75,20.0,18.5,19.0,19.5,20.0,19.75,20.0,19.75,19.75,19.0,18.75,19.25,19.75,19.25,19.75,19.5,19.75,24.81,2020-11-05 03:01:09.547,-1.3796369556617236,4.0191797235550455
1352,19.25,19.25,20.0,19.75,19.0,19.5,19.75,18.75,18.5,19.0,20.0,19.25,20.0,19.75,19.75,19.5,19.0,19.5,20.0,20.0,19.75,20.0,19.75,19.0,19.5,19.5,20.25,19.75,20.0,20.0,19.5,19.75,19.25,19.5,19.75,20.5,19.75,20.25,19.75,19.75,19.25,19.25,19.5,19.5,19.75,20.0,20.0,19.5,19.0,19.25,19.75,19.5,20.25,19.75,20.0,19.75,19.25,18.75,19.0,19.75,19.5,19.75,19.0,19.0,24.81,2020-11-05 03:01:09.650,-1.306218524231056,4.086129792989623
1353,19.0,19.0,19.75,19.5,19.25,19.5,20.0,19.5,19.0,19.25,19.75,19.5,19.5,20.0,19.5,19.25,19.25,19.25,20.25,19.75,19.75,20.0,19.5,19.25,19.75,19.5,19.75,19.5,20.25,19.75,19.75,19.75,19.0,19.25,20.0,19.5,19.5,20.25,19.5,19.25,18.75,19.25,19.25,19.75,19.75,20.0,20.0,19.75,18.75,18.5,19.5,19.25,20.0,20.25,19.5,19.25,18.5,18.5,20.0,19.25,19.0,19.75,19.25,20.5,24.81,2020-11-05 03:01:09.748,-1.2379260544078217,4.144729018300146
1354,18.5,19.5,19.75,19.0,19.5,19.5,19.75,19.25,19.0,19.0,20.25,19.5,20.0,19.5,19.75,19.5,18.75,19.25,19.75,20.0,19.75,20.0,19.25,19.0,19.75,19.5,19.75,19.75,20.0,19.5,19.75,19.75,18.75,19.5,19.75,20.0,19.75,20.0,20.0,19.75,19.0,19.25,19.75,19.75,20.0,19.75,19.5,19.25,18.5,19.25,19.75,19.75,19.75,19.75,20.0,20.25,17.75,19.0,19.25,20.25,19.0,19.5,19.5,20.0,24.81,2020-11-05 03:01:09.850,-1.1535504206114668,4.202291972349186
1355,19.0,19.5,19.0,19.75,19.25,19.5,19.5,19.25,19.0,18.75,19.75,19.5,19.5,19.25,19.5,19.5,18.75,19.25,20.0,20.0,19.75,19.25,18.75,19.5,19.25,19.5,19.5,19.75,20.25,19.75,19.25,20.0,19.25,19.5,19.5,20.0,19.75,20.25,20.0,19.5,18.75,19.25,19.5,19.75,19.75,19.5,19.75,19.5,18.75,18.75,19.5,19.75,19.75,19.75,19.75,19.75,18.25,18.75,19.0,19.75,19.75,19.75,19.0,19.5,24.81,2020-11-05 03:01:09.951,-1.0660363828725739,4.257689432049744
1356,19.0,19.25,19.25,19.75,19.25,20.0,19.5,18.5,19.25,19.5,19.75,19.5,20.0,19.75,19.75,19.5,18.75,19.0,20.0,20.0,20.0,20.25,19.75,19.5,19.0,19.75,19.5,19.75,20.0,20.0,19.5,20.0,19.0,19.25,20.25,19.75,19.5,20.0,20.0,19.5,18.75,19.25,20.0,19.75,20.0,19.75,19.75,19.5,18.75,19.5,19.5,19.75,20.25,20.0,19.75,19.25,18.5,18.75,19.25,20.0,19.75,20.0,19.25,20.0,24.81,2020-11-05 03:01:10.053,-0.9732701305781655,4.314925718269607
1357,18.5,19.0,19.75,19.75,19.5,19.75,19.75,19.0,19.25,19.0,19.5,19.5,19.5,19.5,20.25,19.0,19.25,19.25,19.75,19.75,20.0,20.0,19.75,19.5,19.75,19.5,19.75,20.25,20.0,20.0,19.25,19.75,19.0,19.0,20.25,20.0,19.75,20.0,19.75,19.5,19.25,19.5,19.75,19.75,19.75,20.0,19.75,20.0,18.5,19.5,19.5,20.0,19.5,19.75,19.5,19.75,18.75,18.25,19.75,20.0,19.5,20.0,19.5,19.75,24.81,2020-11-05 03:01:10.154,-0.8683468110130179,4.363324153473134
1358,18.0,19.25,19.75,19.5,19.0,19.75,20.0,19.0,19.0,19.5,19.5,19.75,20.25,19.25,19.75,19.0,19.25,19.75,20.0,19.75,19.75,19.75,20.0,19.0,19.5,19.5,19.75,19.75,20.0,20.0,19.25,20.0,19.0,19.5,19.5,19.75,20.0,19.5,19.75,19.25,18.75,19.25,19.5,19.5,19.75,19.75,19.25,19.5,18.5,18.75,19.75,19.5,20.0,19.75,20.25,19.25,18.5,18.75,19.75,19.5,19.5,19.75,19.0,19.5,24.81,2020-11-05 03:01:10.255,-0.7545789579299869,4.39257819251909
1359,18.75,19.25,20.0,20.0,19.5,19.75,19.75,18.75,19.0,19.5,19.75,20.0,20.0,19.5,19.75,19.25,19.0,19.0,20.0,20.25,19.5,20.25,19.5,19.5,19.5,19.5,19.5,19.5,20.0,19.75,19.5,19.25,19.25,19.5,20.0,20.0,19.75,20.0,20.0,19.25,18.5,19.25,19.25,19.5,19.75,20.0,19.75,20.0,18.25,19.25,19.75,19.75,20.0,20.0,19.75,20.5,17.75,18.5,19.25,19.75,19.75,19.5,19.5,19.75,24.81,2020-11-05 03:01:10.355,-0.6387637442873206,4.407350772218573
1360,19.0,19.25,19.25,19.5,19.5,19.75,19.75,19.5,19.5,19.25,19.5,19.5,20.0,19.5,19.25,19.5,19.0,19.25,19.5,19.75,20.0,20.0,19.5,19.25,19.25,19.0,19.5,19.5,20.0,20.0,19.25,19.75,19.0,19.5,19.75,19.5,20.0,20.25,20.0,19.75,19.0,19.25,19.75,19.5,20.0,19.75,20.25,20.0,18.0,19.25,19.5,20.0,20.0,19.75,19.75,20.0,18.25,18.5,19.0,19.5,19.25,19.5,19.5,19.5,24.81,2020-11-05 03:01:10.457,-0.5278650567963179,4.415075417007792
1361,19.0,19.5,19.5,20.0,19.5,19.75,19.75,19.5,19.0,19.0,19.5,19.5,19.75,19.5,20.0,19.75,19.25,19.25,20.25,19.75,20.0,19.75,19.5,19.0,19.75,19.75,19.75,19.75,20.0,19.75,19.5,19.75,19.0,19.25,20.0,20.0,20.0,19.75,19.75,19.5,18.75,19.5,19.75,19.5,20.0,19.75,20.0,20.0,18.5,19.25,19.75,19.75,20.0,20.0,20.25,19.5,18.25,19.5,18.75,19.75,19.5,20.25,19.25,19.75,24.81,2020-11-05 03:01:10.556,-0.4190437403448986,4.409411567986945
1362,18.75,19.75,19.75,20.0,19.5,19.75,20.0,19.5,18.75,19.5,20.0,19.5,20.0,20.0,20.0,19.5,18.75,19.25,20.5,20.0,19.75,20.0,19.75,19.5,19.5,19.25,20.0,20.0,20.25,20.0,19.5,20.0,19.25,19.25,20.0,19.75,20.0,19.75,19.75,20.0,19.0,20.0,19.75,19.75,19.75,20.0,19.75,20.25,18.5,19.25,19.5,20.0,20.0,19.5,20.0,20.0,18.5,18.75,19.75,20.0,19.5,19.75,19.25,19.5,24.81,2020-11-05 03:01:10.659,-0.30819707524608014,4.403704188501077
1363,19.0,19.75,19.5,19.5,19.0,19.5,19.5,19.5,19.25,19.75,19.5,19.5,19.75,19.75,20.0,20.0,19.5,19.25,19.75,20.0,20.0,20.0,20.0,19.5,19.5,19.25,19.75,20.0,20.25,20.0,19.25,19.75,19.25,19.25,19.75,20.25,20.0,20.5,20.25,19.5,19.0,19.25,19.75,19.5,20.0,20.0,20.25,20.0,19.0,18.5,19.25,19.25,20.25,19.5,20.0,19.25,18.0,18.75,19.5,20.0,19.0,20.25,19.75,19.5,24.81,2020-11-05 03:01:10.758,-0.20904583044227518,4.394705643140942
1364,19.0,19.25,19.25,20.0,19.0,19.75,20.0,19.5,18.5,19.5,19.5,19.75,20.25,19.75,20.0,19.5,19.25,19.5,20.5,20.0,19.75,19.75,20.0,19.5,19.75,19.0,20.0,20.0,20.0,20.0,19.5,19.5,19.75,19.75,20.25,20.0,19.75,20.25,20.0,19.5,19.25,19.5,19.5,20.0,20.25,20.25,20.0,19.5,18.25,19.25,19.5,19.75,20.0,20.0,19.75,20.25,18.5,18.25,19.75,19.75,19.0,20.25,20.25,19.25,24.81,2020-11-05 03:01:10.859,-0.10972881933349202,4.374754693643087
1365,18.75,19.5,19.5,19.5,19.25,19.5,19.25,19.75,19.0,19.0,19.5,20.0,20.0,19.5,20.0,20.0,19.5,19.5,20.0,20.0,19.75,20.0,19.75,19.5,19.5,19.75,20.0,20.25,19.75,20.0,19.75,19.75,18.75,19.5,19.75,20.25,20.0,20.25,20.0,19.75,19.5,19.0,19.5,20.0,20.0,20.0,20.0,19.25,18.25,19.25,19.25,19.75,20.0,19.75,20.0,19.75,18.5,18.75,19.5,19.75,19.25,19.5,19.5,19.5,24.87,2020-11-05 03:01:10.961,-0.009211170013154307,4.3542869693284825
1366,18.75,19.75,19.25,19.75,19.75,19.75,19.75,19.5,18.5,19.75,19.75,20.0,20.0,19.75,20.0,19.5,19.0,19.5,20.0,20.0,20.0,20.0,19.75,19.25,19.75,20.0,20.0,19.75,20.25,20.0,19.25,20.0,19.5,19.25,19.5,20.0,19.75,20.0,20.25,19.5,19.25,19.5,19.25,19.25,19.75,19.75,20.25,20.25,18.25,19.0,19.75,19.5,20.25,19.5,20.5,19.75,18.75,19.0,19.25,19.25,19.5,19.75,19.75,19.5,24.81,2020-11-05 03:01:11.061,0.08670943327147988,4.335522319133726
1367,18.75,19.25,19.5,19.75,19.5,20.0,19.5,19.5,18.75,19.5,19.75,20.0,20.0,19.75,20.0,19.75,19.0,19.5,20.0,20.0,20.25,20.25,19.75,19.5,19.0,19.5,20.25,20.0,20.0,20.0,19.75,19.75,19.25,19.25,20.0,20.0,19.75,20.25,19.5,19.5,19.5,19.25,19.5,19.75,20.0,20.0,20.0,19.25,19.0,19.25,19.25,20.0,20.0,19.75,20.0,20.0,19.0,18.25,19.0,20.0,19.75,19.75,19.5,19.5,24.81,2020-11-05 03:01:11.162,0.18592139339156533,4.299274498522255
1368,19.25,19.0,19.5,19.5,19.75,20.0,20.0,19.25,18.5,19.5,19.25,19.5,20.0,19.75,20.0,19.75,19.0,19.25,20.25,19.75,19.75,19.75,19.75,19.5,19.25,19.5,19.75,19.5,20.0,19.75,19.75,19.75,19.0,19.5,20.0,19.75,19.75,20.0,19.75,20.0,18.75,19.25,19.75,19.75,20.25,20.0,19.75,19.75,18.25,19.25,19.25,19.5,20.5,20.0,20.0,20.25,18.5,19.0,19.75,19.5,19.5,20.0,19.25,19.25,24.81,2020-11-05 03:01:11.263,0.28177226587780135,4.244358857356765
1369,18.5,19.25,19.75,19.75,19.75,20.0,20.25,19.75,18.5,19.5,19.75,19.75,19.75,19.75,19.75,19.25,19.25,19.0,19.75,19.75,19.75,20.0,19.75,19.25,19.5,19.75,20.25,20.0,20.25,20.0,19.25,19.75,19.0,19.25,20.0,20.5,20.0,20.25,20.0,20.0,19.25,19.25,19.75,19.75,20.0,20.0,19.75,19.25,18.5,19.0,19.75,20.0,20.5,19.5,20.25,19.75,18.5,19.0,19.25,19.75,19.25,19.25,19.75,19.5,24.81,2020-11-05 03:01:11.364,0.3672829328376369,4.179644324703341
1370,18.75,19.25,19.5,19.75,19.0,19.25,19.5,19.5,19.0,19.25,19.75,19.5,19.5,18.75,19.5,19.5,19.0,19.25,20.0,19.75,20.0,20.0,19.5,20.0,19.5,19.75,19.75,20.0,20.25,20.25,19.5,19.5,18.75,19.0,19.75,19.75,20.0,20.0,20.0,19.5,19.25,19.25,20.0,20.0,19.5,19.75,20.0,19.75,18.5,19.25,19.5,19.5,19.75,20.25,20.25,19.0,18.75,18.5,19.75,19.25,19.75,19.25,19.5,19.25,24.81,2020-11-05 03:01:11.466,0.4405724978139246,4.106588073162747
1371,18.75,19.25,19.5,19.75,19.0,19.25,19.5,19.5,19.0,19.25,19.75,19.5,19.5,18.75,19.5,19.5,19.25,19.75,20.0,20.0,20.0,20.0,19.5,19.5,19.75,19.75,19.5,19.75,20.25,20.25,19.5,20.0,19.25,19.25,20.0,20.25,20.0,20.0,19.75,19.5,19.25,19.0,19.25,19.5,20.25,20.0,19.75,20.0,18.75,19.25,19.75,20.0,20.0,19.75,20.0,19.75,18.25,18.75,19.25,19.75,19.5,20.0,19.75,20.25,24.81,2020-11-05 03:01:11.569,0.49530921736820577,4.028661287784217
1372,18.5,19.5,19.0,19.75,19.5,19.5,20.0,19.0,19.25,19.5,20.0,19.25,19.5,19.5,20.0,19.75,19.25,19.75,20.0,20.0,20.0,20.0,19.5,19.5,19.75,19.75,19.5,19.75,20.25,20.25,19.5,20.0,19.25,19.25,20.0,20.25,20.0,20.0,19.75,19.5,19.25,19.0,19.25,19.5,20.25,20.0,19.75,20.0,18.5,19.25,19.5,19.5,19.75,20.0,20.0,20.25,18.0,18.75,19.75,20.0,19.5,20.25,19.25,19.5,24.81,2020-11-05 03:01:11.667,0.547227644187499,3.9488569541114344
1373,18.75,19.0,19.25,19.25,19.5,19.75,19.5,19.5,19.5,19.25,19.75,19.5,20.25,20.0,20.25,20.25,18.75,19.0,20.0,19.75,19.75,20.25,19.5,19.5,19.25,20.0,20.25,20.0,20.0,19.75,19.25,20.25,19.25,19.25,20.0,19.75,19.75,20.25,20.25,19.5,18.75,19.25,19.5,19.75,20.0,20.0,20.0,20.25,18.5,19.25,19.5,19.5,19.75,20.0,20.0,20.25,18.0,18.75,19.75,20.0,19.5,20.25,19.25,19.5,24.81,2020-11-05 03:01:11.771,0.5905256680694465,3.861145293245716
1374,18.75,19.25,19.75,19.5,19.5,19.25,19.5,19.5,18.75,19.0,20.0,19.5,20.0,19.5,19.5,19.5,19.0,19.75,20.0,20.25,19.5,20.25,19.5,19.25,19.75,20.0,19.75,20.0,20.0,19.75,19.75,19.5,19.25,19.25,20.0,20.0,19.75,20.0,20.0,20.0,18.75,19.25,19.0,19.5,20.0,19.5,20.0,20.25,19.0,18.25,20.0,19.5,20.25,19.5,20.0,19.75,18.25,19.0,19.5,19.25,19.25,20.25,19.75,19.25,24.87,2020-11-05 03:01:11.869,0.6200121003763788,3.769220664924869
1375,18.75,19.5,19.5,19.75,19.5,19.5,20.0,19.75,19.0,19.25,20.0,19.75,19.75,19.75,19.75,20.0,19.25,19.25,20.25,20.0,20.25,20.0,19.75,19.5,19.5,19.5,19.5,20.25,20.0,20.25,19.25,20.0,19.25,18.75,20.0,20.0,20.0,20.5,20.0,19.5,19.25,19.5,19.5,19.5,20.0,20.0,20.0,20.25,18.5,19.25,19.75,20.0,20.5,20.25,20.0,20.25,18.5,18.5,19.5,19.0,19.5,19.5,20.0,19.25,24.87,2020-11-05 03:01:11.971,0.6469369545503619,3.66951335711364
1376,18.5,19.5,19.75,19.25,19.5,19.5,19.5,19.25,18.5,19.0,19.5,19.75,20.25,19.75,19.75,20.5,19.0,19.0,20.0,20.25,19.75,20.25,20.0,19.0,19.5,19.25,19.75,20.25,20.0,20.0,19.75,19.5,18.75,19.25,20.0,20.25,19.5,20.0,20.25,19.75,19.0,19.25,19.75,19.5,19.75,19.5,19.5,19.0,18.25,19.5,19.75,19.25,20.25,20.0,19.75,19.5,18.25,18.5,19.75,19.5,19.5,20.0,19.0,20.0,24.81,2020-11-05 03:01:12.072,0.6691522851649869,3.5698947743998746
1377,19.0,19.0,19.75,19.25,19.5,19.25,19.75,19.25,19.25,19.75,19.75,19.5,19.5,19.75,20.25,21.0,19.0,19.5,20.0,20.0,19.75,20.25,19.75,20.0,19.5,19.75,19.5,20.0,20.0,19.5,19.75,20.0,19.0,19.5,19.75,20.0,20.0,20.25,20.25,19.75,19.25,19.75,19.75,19.75,19.5,20.25,20.0,19.75,18.5,19.25,19.25,19.75,19.75,19.75,20.0,19.75,18.0,18.25,19.5,19.5,19.5,19.5,19.25,19.5,24.81,2020-11-05 03:01:12.174,0.6807281086133885,3.4625909124762897
1378,19.0,19.0,19.5,19.5,19.75,19.75,20.0,19.75,19.0,19.25,19.75,19.75,20.0,19.25,20.0,21.0,19.25,19.0,20.25,20.0,20.0,20.0,20.0,20.0,19.5,20.0,20.25,20.0,20.5,19.75,19.75,20.25,19.0,19.25,20.0,20.0,19.75,20.5,20.25,19.5,19.25,19.5,20.0,19.5,20.25,20.25,20.0,19.75,19.25,19.0,19.5,19.75,20.25,20.25,20.25,20.0,18.5,18.5,19.5,19.5,19.25,19.5,19.75,19.5,24.81,2020-11-05 03:01:12.274,0.6681138280858427,3.355068792463403
1379,18.25,19.0,19.25,19.5,19.5,19.5,19.75,20.25,18.75,19.25,19.5,19.5,19.25,19.75,20.75,22.0,19.25,19.25,19.75,20.0,20.0,20.0,20.0,20.5,19.0,19.5,19.75,19.5,20.25,20.0,19.5,19.75,19.5,19.25,20.0,19.75,19.75,20.25,20.25,19.0,19.25,19.25,19.5,19.25,20.75,20.5,19.5,20.25,18.0,19.5,19.75,19.75,20.25,19.75,19.75,19.5,18.75,18.25,19.75,19.5,19.5,20.0,19.5,19.25,24.81,2020-11-05 03:01:12.374,0.6413089352273418,3.259516504222659
1380,18.0,19.5,20.0,19.5,19.25,20.0,20.25,21.25,19.0,19.25,19.25,19.5,19.5,20.0,20.25,22.25,18.75,19.25,19.75,19.75,20.0,20.0,20.25,19.75,19.5,19.25,19.75,20.0,20.0,20.0,19.5,19.75,19.0,19.5,19.75,20.25,19.75,20.25,20.0,19.75,19.0,19.25,19.25,19.75,20.0,20.25,20.0,20.0,18.0,19.25,19.75,19.75,20.0,20.0,20.0,19.75,18.75,18.75,19.75,19.25,19.5,20.0,19.5,19.75,24.81,2020-11-05 03:01:12.475,0.6020547832268583,3.168806645545458
1381,18.5,19.0,19.5,19.25,19.5,19.75,21.25,21.5,18.75,19.25,19.75,19.75,20.0,19.5,20.75,22.0,19.0,19.0,19.75,20.0,19.75,20.0,20.25,20.25,19.75,19.5,20.0,19.75,19.75,20.0,19.75,20.0,19.5,19.25,20.0,20.0,19.75,20.25,20.0,19.75,18.75,19.0,19.75,20.0,19.5,19.75,20.0,20.0,18.25,19.25,19.75,19.5,20.0,19.75,20.25,19.0,18.25,18.5,19.0,19.75,20.0,19.5,19.25,19.75,24.81,2020-11-05 03:01:12.576,0.5489525364724228,3.087634312939639
1382,18.75,19.5,20.0,19.75,19.5,20.75,21.5,22.0,19.25,19.5,19.5,19.25,20.25,20.25,21.25,21.75,19.25,19.5,20.5,20.0,19.75,20.25,20.25,20.0,19.25,19.25,19.75,20.25,20.25,20.0,19.75,20.0,19.5,19.5,19.75,20.0,20.0,20.25,20.25,20.0,19.25,19.5,19.5,19.5,20.25,19.75,20.0,20.25,18.75,19.25,19.5,19.75,20.25,20.0,19.75,19.25,18.75,18.75,19.25,19.25,19.25,19.5,19.5,19.5,24.81,2020-11-05 03:01:12.677,0.49319376742934695,3.011083149265633
1383,18.75,19.25,19.75,19.25,19.5,20.5,21.75,22.25,19.25,19.75,19.75,19.75,20.0,20.25,22.25,22.0,18.75,19.5,20.0,19.75,19.75,20.25,20.5,20.0,19.0,20.0,19.75,20.25,20.0,20.0,19.5,20.0,19.25,19.5,20.25,20.25,20.0,20.5,20.0,20.0,19.0,19.25,19.25,19.75,19.75,20.25,19.75,19.75,18.5,19.25,19.25,19.5,20.0,19.75,19.75,19.25,18.75,18.5,19.25,19.75,19.5,20.0,19.25,19.5,24.81,2020-11-05 03:01:12.779,0.43550588428986986,2.9298363246538024
1384,18.5,19.25,20.0,19.75,19.75,20.25,21.75,21.25,19.25,19.25,19.5,20.0,20.25,21.5,22.0,22.0,19.75,19.75,19.75,20.0,19.75,21.0,21.0,20.25,19.25,19.5,20.25,20.25,20.0,19.75,19.5,19.75,19.5,19.5,19.5,20.0,19.75,20.25,20.0,19.5,18.5,19.5,19.5,19.5,20.0,20.0,19.75,19.75,18.0,19.0,19.25,20.0,20.25,19.75,20.0,19.75,19.25,18.75,19.0,19.5,19.25,20.25,20.0,19.25,24.81,2020-11-05 03:01:12.879,0.37388101631127507,2.8528978027544896
1385,19.0,19.25,20.0,20.0,19.25,20.5,22.25,20.75,19.25,19.0,20.0,19.5,20.5,22.0,23.0,22.0,19.0,18.75,20.5,20.0,20.0,21.0,21.75,20.5,19.5,19.25,20.0,19.75,20.25,20.0,20.0,20.0,19.0,19.25,20.25,19.75,19.75,20.25,20.25,19.75,19.0,19.25,19.5,20.0,20.25,19.75,20.0,19.75,18.75,19.0,19.75,19.75,20.0,20.25,20.0,20.0,18.75,19.0,19.0,19.75,19.75,19.75,19.25,19.0,24.81,2020-11-05 03:01:12.980,0.3043008435382452,2.77555599284558
1386,18.5,19.25,19.5,19.5,19.5,20.5,21.0,20.0,18.5,19.25,20.0,19.5,20.5,22.0,22.5,21.25,19.25,19.25,19.75,20.0,20.75,21.75,21.75,20.5,19.0,19.75,19.5,20.0,20.25,20.0,20.25,20.0,19.0,18.75,20.75,20.0,19.5,20.25,20.25,20.0,18.5,19.25,19.75,19.75,19.75,19.75,20.0,20.25,18.5,19.0,19.75,19.75,20.0,20.0,19.75,20.25,18.5,19.0,19.25,19.25,20.0,19.75,19.5,19.75,24.81,2020-11-05 03:01:13.082,0.2312377794866591,2.6979055716443234
1387,19.0,19.0,19.75,19.5,19.5,20.75,20.25,19.5,19.0,19.0,19.5,20.0,21.25,22.5,21.75,20.25,19.0,19.25,20.0,20.25,21.0,22.25,22.25,19.75,19.75,19.75,19.5,19.75,21.0,20.5,21.0,19.75,19.25,19.0,19.75,19.75,19.75,20.0,20.25,20.0,19.0,19.25,19.75,19.75,19.75,20.0,20.0,20.25,18.5,19.0,19.5,19.75,20.0,19.75,19.5,19.5,18.5,19.5,19.75,19.5,19.5,20.0,19.75,19.5,24.81,2020-11-05 03:01:13.185,0.14905321017968046,2.619420794010949
1388,18.75,19.75,19.75,20.0,19.25,20.25,19.75,19.75,19.25,19.5,19.5,20.0,21.0,20.75,21.0,20.25,18.75,19.5,19.75,20.5,22.0,22.25,21.25,19.75,19.25,19.25,19.75,20.0,21.5,22.0,20.5,20.25,19.5,19.25,20.0,20.25,20.0,20.75,19.75,19.5,19.0,19.75,19.25,20.0,20.0,20.0,20.0,20.25,19.0,19.25,19.75,20.0,20.25,19.75,20.25,19.25,18.75,18.75,19.25,20.0,19.25,20.0,19.5,20.0,24.81,2020-11-05 03:01:13.284,0.05337560419748244,2.5508649688488285
1389,19.0,18.75,19.25,20.0,19.75,19.5,20.0,19.75,18.25,19.5,19.75,20.0,19.75,20.0,20.0,19.5,19.25,19.75,19.75,20.75,22.5,21.5,19.5,19.5,19.0,20.0,19.75,20.5,21.75,21.5,20.25,20.25,19.0,19.0,19.75,20.0,19.75,20.5,20.5,19.75,19.5,19.25,19.75,19.75,20.0,19.75,20.0,19.5,17.75,19.5,19.5,20.0,19.75,19.75,19.75,19.5,18.5,18.75,19.5,19.75,20.0,20.0,19.0,19.5,24.81,2020-11-05 03:01:13.387,-0.04698325719641912,2.4963031792285593
1390,19.0,19.25,19.25,19.75,19.5,19.5,19.75,19.5,19.0,19.0,20.0,19.75,20.25,19.75,20.25,19.0,19.25,19.25,20.25,20.25,20.75,20.25,19.75,19.5,19.5,19.5,20.25,22.25,22.25,22.0,19.75,20.0,18.75,18.75,20.25,20.75,21.25,21.0,20.25,20.0,19.25,19.5,20.0,20.25,20.25,20.0,19.75,20.25,18.5,19.25,19.75,19.5,19.75,19.25,20.0,19.75,19.0,18.75,20.0,20.25,19.5,20.25,19.25,20.0,24.81,2020-11-05 03:01:13.485,-0.14269097102943887,2.452257508870876
1391,18.5,19.0,19.0,19.75,19.5,19.75,19.5,19.25,18.75,19.25,19.75,19.5,20.0,19.75,19.5,20.0,19.25,19.25,20.0,20.0,19.75,20.25,20.0,19.25,19.5,20.0,20.0,21.25,21.75,21.0,19.5,19.5,19.25,19.25,20.75,22.5,22.25,22.0,20.25,19.75,18.75,19.0,19.75,20.5,21.5,20.0,20.0,19.75,18.75,19.0,20.25,20.0,20.25,19.75,20.0,19.75,18.5,19.0,19.75,19.25,19.25,19.75,19.25,19.0,24.81,2020-11-05 03:01:13.587,-0.24484123998168317,2.4116032486211707
1392,18.75,19.25,19.5,19.0,19.5,19.75,20.0,19.25,19.25,19.25,19.5,19.5,20.25,20.0,19.75,19.25,19.0,19.5,20.25,19.75,20.0,20.25,19.5,19.25,19.5,19.5,20.0,20.5,20.75,20.0,19.75,20.0,19.0,19.25,20.5,22.75,22.5,21.0,20.0,20.0,19.25,19.25,20.75,22.25,22.75,20.5,20.0,19.5,19.0,19.5,19.5,21.25,21.0,19.75,20.25,19.75,18.75,18.25,19.5,19.75,19.75,19.75,19.25,20.0,24.81,2020-11-05 03:01:13.689,-0.3518786346126371,2.372861931693514
1393,18.5,19.5,19.75,19.75,19.0,19.25,19.75,19.25,19.25,19.5,19.5,19.5,19.75,20.0,20.0,19.75,19.0,19.25,20.5,20.0,19.75,19.75,20.0,19.25,19.5,19.75,19.5,20.0,20.0,20.0,19.5,19.75,19.25,19.5,20.0,21.5,20.25,20.25,20.25,19.75,19.25,19.75,21.25,23.25,23.0,20.5,19.75,19.75,18.75,19.5,20.25,22.25,22.0,19.75,20.0,20.0,18.75,18.75,19.75,20.5,20.0,20.0,19.25,19.75,24.81,2020-11-05 03:01:13.794,-0.4581098601025807,2.320716094082579
1394,18.5,19.0,19.5,19.5,19.25,19.75,19.75,19.25,19.0,19.75,19.75,19.5,20.0,19.75,19.75,19.25,19.25,19.25,20.0,19.75,20.0,20.0,19.25,19.25,19.75,19.5,19.75,20.0,20.25,19.5,19.25,19.25,18.75,19.25,19.75,20.25,20.0,20.0,20.0,19.5,18.75,19.5,20.5,21.75,21.5,20.0,19.75,20.25,18.75,19.25,21.0,23.0,23.0,20.0,19.5,19.25,18.75,19.0,21.0,22.0,20.0,20.0,18.75,19.5,24.81,2020-11-05 03:01:13.890,-0.5469472031127189,2.2705321910999308
1395,18.75,19.5,19.75,20.25,19.5,20.0,19.75,19.75,19.0,19.25,19.75,19.5,19.5,19.5,20.0,19.25,19.0,19.75,20.25,19.75,20.25,20.0,19.75,19.25,19.5,19.25,19.75,20.0,20.0,19.5,19.5,19.75,19.25,19.0,19.75,20.0,19.75,20.0,20.0,19.75,19.0,19.75,20.0,20.75,20.5,19.75,19.75,20.0,18.75,19.5,22.25,23.0,21.0,19.75,19.75,19.75,19.0,19.25,21.0,22.0,20.75,20.0,19.5,19.75,24.87,2020-11-05 03:01:13.990,-0.6393955431588353,2.2157966617354896
1396,18.75,19.5,19.5,20.0,19.5,19.25,19.5,19.25,18.75,19.5,19.5,19.75,19.75,19.5,19.75,18.75,19.0,19.0,20.0,20.0,19.75,19.5,19.5,19.0,19.25,19.5,19.75,19.75,20.0,20.0,19.75,19.5,18.75,19.0,19.75,19.25,19.75,20.5,20.0,19.5,18.75,19.0,19.75,20.5,20.5,19.75,19.5,19.5,18.75,19.0,22.0,21.75,20.5,19.75,20.0,19.75,18.5,19.0,22.0,23.25,19.75,20.0,19.75,19.25,24.81,2020-11-05 03:01:14.092,-0.7305377908216143,2.1533662260686164
1397,18.5,19.25,19.25,19.75,19.0,20.0,19.5,19.5,19.25,19.25,19.25,19.25,19.75,19.75,19.75,20.0,19.25,19.75,20.0,19.75,19.75,19.75,19.75,19.0,19.5,19.25,19.75,19.5,20.25,20.0,19.25,19.75,18.75,19.25,19.75,20.25,20.0,20.5,19.75,19.75,19.25,19.5,19.75,20.25,20.25,20.0,20.0,19.5,18.75,19.25,20.5,21.5,20.25,20.0,20.25,19.75,18.75,20.0,23.0,22.5,19.75,20.25,19.25,19.25,24.81,2020-11-05 03:01:14.192,-0.8137292709942355,2.0825538126202616
1398,18.75,18.75,19.5,20.25,20.0,20.0,19.75,19.25,19.0,19.25,19.5,20.0,20.0,20.25,19.5,19.5,19.0,19.5,20.0,20.0,19.75,20.0,19.25,18.75,19.25,19.5,19.75,19.75,20.0,19.75,19.5,19.5,19.5,19.75,20.0,20.25,19.5,20.0,20.0,19.0,19.25,19.75,19.5,19.5,20.0,19.75,20.0,20.0,18.75,18.75,19.75,20.75,20.0,19.5,20.0,19.75,18.75,19.75,21.75,21.0,19.5,20.0,19.75,19.5,24.81,2020-11-05 03:01:14.293,-0.9037344983505711,2.0091328145494964
1399,18.5,19.25,19.5,19.5,20.0,20.0,19.75,19.75,18.25,19.75,19.75,19.25,19.75,19.25,19.5,19.5,19.25,19.5,19.75,20.0,20.0,19.75,19.5,19.25,19.5,19.75,19.75,19.75,20.0,19.5,19.5,20.0,19.25,19.25,19.75,19.5,20.0,20.25,20.0,19.0,19.5,19.5,19.5,19.75,19.75,20.25,20.0,19.75,18.25,19.25,19.5,20.0,20.0,19.5,20.0,19.25,19.0,20.0,21.0,20.0,19.5,19.25,19.5,19.25,24.81,2020-11-05 03:01:14.396,-0.991341099011279,1.9334289064204926
1400,18.75,19.0,19.5,19.5,19.25,19.5,20.0,19.75,19.25,19.0,19.5,20.0,19.75,19.75,19.75,19.5,19.25,19.25,20.25,19.5,20.0,19.75,19.5,19.25,19.5,19.5,19.75,19.5,20.25,20.0,19.75,20.0,19.0,19.5,19.75,20.5,19.75,20.0,19.5,19.75,19.0,19.5,19.75,20.0,20.0,20.0,19.75,19.75,18.25,19.25,20.0,19.75,20.25,19.75,20.0,19.5,19.0,19.5,21.5,20.5,19.75,19.75,19.0,19.5,24.81,2020-11-05 03:01:14.500,-1.0726215562319947,1.8501878457487893
1401,18.75,19.0,19.5,19.5,19.25,19.5,20.0,19.75,19.25,19.0,19.5,20.0,19.75,19.75,19.75,19.5,19.0,19.5,20.25,20.0,19.75,20.25,19.75,19.75,19.75,19.25,19.75,19.75,20.0,20.0,19.0,19.75,19.25,18.75,20.0,19.25,19.75,20.25,19.75,19.75,18.75,19.25,19.5,19.75,20.0,19.75,20.0,19.5,18.0,19.0,20.25,19.5,19.75,19.75,19.75,19.25,18.0,20.0,20.75,19.25,19.75,19.5,18.75,19.0,24.81,2020-11-05 03:01:14.596,-1.1413292918557287,1.7753833920775497
1402,19.25,19.25,19.25,19.5,19.75,19.25,19.75,19.5,19.5,19.0,19.5,19.5,19.5,19.25,20.0,18.75,19.0,19.5,20.25,20.0,19.75,20.25,19.75,19.75,19.75,19.25,19.75,19.75,20.0,20.0,19.0,19.75,19.0,19.0,20.25,20.0,19.75,20.0,20.0,19.5,19.0,19.5,19.25,19.25,19.75,20.0,20.0,19.75,18.5,19.0,19.75,19.75,19.75,19.25,20.25,19.5,18.5,19.75,20.5,19.75,19.75,19.25,19.5,19.75,24.81,2020-11-05 03:01:14.697,-1.2092152634927216,1.692442452198294
1403,18.5,19.25,19.5,19.5,19.0,19.75,19.5,19.0,19.0,19.25,19.25,19.25,20.25,19.75,19.75,19.0,19.25,19.0,20.25,20.0,19.75,19.5,19.5,19.0,19.75,19.75,20.0,20.0,19.75,20.0,19.25,20.0,19.0,19.0,20.25,20.0,19.75,20.0,20.0,19.5,19.0,19.5,19.25,19.25,19.75,20.0,20.0,19.75,18.25,18.75,20.0,20.0,19.5,20.0,20.0,19.5,19.0,19.75,20.25,20.0,19.25,19.75,19.25,19.75,24.81,2020-11-05 03:01:14.798,-1.26981786186182,1.5917747390383887
1404,18.75,19.25,19.5,19.25,19.25,19.5,20.0,19.25,18.5,19.5,19.5,19.75,20.0,19.5,19.5,19.75,19.0,19.5,20.0,19.75,19.5,20.25,19.5,19.0,19.5,19.75,20.0,19.75,20.0,19.75,19.5,20.0,19.0,19.25,19.75,19.75,19.75,20.25,19.75,19.5,18.5,19.25,19.5,19.75,19.75,20.0,20.0,20.25,18.25,18.75,20.0,20.0,19.5,20.0,20.0,19.5,19.0,19.75,20.25,20.0,19.25,19.75,19.25,19.75,24.81,2020-11-05 03:01:14.899,-1.3075960250896845,1.4858585890916711
1405,19.0,19.25,19.5,19.5,19.75,19.5,19.5,19.25,19.0,19.25,19.25,19.75,20.0,19.5,19.75,19.75,19.0,19.25,20.0,20.0,20.5,20.0,19.5,19.0,19.5,19.5,19.75,19.75,19.75,19.75,19.5,19.5,19.0,19.0,20.0,20.0,19.5,19.75,20.0,19.75,19.25,19.25,19.75,20.0,20.5,20.0,19.75,20.0,18.75,19.25,19.25,19.75,20.25,20.0,19.5,19.5,19.0,19.25,19.75,20.0,19.75,19.75,19.0,19.5,24.81,2020-11-05 03:01:15.001,-1.3290283712653972,1.386528841383375
1406,18.25,19.25,19.5,19.5,19.25,20.0,19.75,18.75,19.25,19.5,19.0,19.5,19.5,19.75,19.25,19.5,19.0,19.25,20.25,20.0,19.75,20.0,19.75,19.5,19.5,19.5,19.5,20.0,20.0,20.0,19.25,20.0,19.25,19.75,20.0,20.0,20.0,20.25,19.5,19.5,19.0,19.0,20.0,19.5,19.75,19.5,20.0,19.75,17.75,18.5,19.5,19.5,19.75,20.0,19.75,19.25,19.0,19.0,19.25,19.5,19.75,19.75,19.75,20.0,24.81,2020-11-05 03:01:15.102,-1.3370516881970267,1.2904676835678577
1407,18.75,19.0,19.75,19.75,19.25,19.5,19.0,19.25,18.75,19.75,19.75,19.5,20.25,19.5,19.75,19.75,18.75,18.75,19.75,19.75,19.5,20.25,19.5,19.5,18.75,19.5,19.5,20.0,19.75,19.75,18.75,19.5,19.0,19.25,19.75,20.0,19.5,20.0,20.0,19.75,19.25,19.0,19.5,19.75,19.75,20.0,20.0,19.25,18.75,18.75,19.25,19.75,20.25,19.75,20.0,20.0,19.25,18.75,19.75,19.25,19.75,19.75,19.25,19.5,24.81,2020-11-05 03:01:15.202,-1.3232907640302196,1.1942177193434635
1408,19.0,19.25,19.5,19.5,19.75,19.5,19.75,19.0,19.25,19.5,19.5,19.5,19.75,20.0,20.0,19.75,19.0,19.5,20.0,19.75,19.5,19.5,19.5,19.0,19.25,19.5,20.0,20.25,19.75,20.0,19.0,19.75,19.0,19.25,19.5,20.0,19.5,20.0,19.75,19.0,19.75,19.25,19.5,19.75,20.0,20.0,20.0,19.5,18.5,19.5,20.0,19.25,20.0,19.75,19.5,19.25,19.0,19.25,19.75,19.5,19.75,20.0,19.25,19.25,24.81,2020-11-05 03:01:15.305,-1.300173445688847,1.1071463796250722
1409,18.25,19.75,19.5,19.75,19.0,19.25,20.0,19.25,18.75,19.25,19.5,19.75,19.75,20.0,19.5,19.5,19.25,19.25,19.75,20.25,19.5,19.75,19.75,19.5,19.25,19.25,19.25,20.0,20.0,20.0,19.25,19.5,19.5,18.75,19.75,19.75,19.75,19.75,19.75,19.75,19.0,19.0,19.5,19.25,20.0,20.0,20.0,19.5,19.0,19.25,19.25,20.0,20.0,19.5,20.0,19.25,19.5,19.0,19.5,19.75,19.75,19.75,19.5,19.25,24.81,2020-11-05 03:01:15.406,-1.2818815796520462,1.026846495447474
1410,18.75,19.25,20.0,19.5,19.75,20.0,19.75,19.25,18.75,19.25,19.5,19.75,20.0,20.0,19.5,20.25,19.0,19.75,19.5,19.75,19.5,20.25,19.5,19.0,20.0,19.5,19.75,19.75,20.0,19.75,19.25,20.0,19.25,19.25,19.75,20.0,19.75,20.0,20.0,20.0,18.25,19.25,19.75,20.0,20.0,20.0,19.75,20.0,19.0,19.25,19.5,20.0,20.0,20.0,19.75,19.75,19.25,19.25,19.25,19.75,19.75,19.5,19.25,19.5,24.81,2020-11-05 03:01:15.505,-1.2595561306601455,0.942981100913502
1411,18.5,19.5,19.25,20.0,19.5,20.0,19.5,19.25,19.25,19.25,19.75,19.25,19.25,19.25,20.0,19.5,19.25,19.0,20.25,20.0,19.5,20.25,19.75,19.25,18.75,19.5,19.75,19.75,20.0,20.0,19.5,19.5,19.0,19.5,20.0,20.0,19.5,20.25,19.25,19.5,19.0,19.25,19.25,19.5,20.0,20.0,19.5,20.25,18.25,19.5,19.5,20.0,19.75,20.0,20.0,19.25,19.5,19.0,19.75,20.0,19.25,20.0,19.5,20.25,24.81,2020-11-05 03:01:15.606,-1.2270911434984062,0.8623575539423054
1412,18.25,19.5,19.75,19.5,19.75,19.5,19.75,19.0,18.75,19.5,19.75,19.5,19.75,20.0,19.5,19.75,18.5,19.0,20.25,20.0,19.75,20.0,19.75,18.75,19.5,19.75,19.5,19.5,20.0,19.75,19.25,20.25,18.75,19.0,20.25,19.75,19.75,20.0,20.0,19.5,18.5,19.75,19.5,19.75,19.75,20.0,20.0,19.75,18.75,19.25,20.0,19.75,19.75,19.5,19.5,19.5,19.25,18.75,19.5,19.0,19.5,19.25,19.5,19.0,24.81,2020-11-05 03:01:15.708,-1.1924746546441132,0.7915602576750588
1413,19.25,19.5,19.25,19.5,18.75,19.25,19.75,19.5,19.25,20.25,19.5,19.75,19.5,20.0,19.75,19.0,19.5,19.5,20.0,19.75,20.0,20.5,19.75,19.0,19.5,19.5,19.75,19.5,20.5,20.0,19.25,20.0,19.25,19.0,19.75,19.75,19.75,20.0,20.0,19.5,19.25,19.5,19.5,19.5,20.0,20.0,19.5,20.0,18.75,19.25,19.5,19.75,20.0,20.0,20.25,20.0,18.75,18.5,19.5,19.25,19.25,19.75,19.0,20.0,24.81,2020-11-05 03:01:15.829,-1.1323243504202196,0.7136832176359529
1414,19.25,19.25,20.0,20.0,19.75,19.75,20.0,19.75,18.75,18.75,20.0,19.5,20.0,19.5,20.0,19.5,19.0,19.25,20.25,20.0,19.75,20.0,19.25,19.5,19.5,19.75,19.5,19.75,20.0,19.75,19.25,19.5,18.75,19.5,19.75,20.0,19.5,20.0,20.0,19.75,19.25,19.5,19.75,20.0,19.75,20.25,19.5,19.5,18.25,19.5,19.5,19.5,20.25,19.75,20.0,20.0,19.25,19.25,19.25,19.75,19.75,19.75,19.0,20.0,24.81,2020-11-05 03:01:15.909,-1.0793047076317077,0.6760811793549648
1415,18.75,19.75,19.5,19.25,19.5,19.5,19.5,19.5,18.75,19.5,20.25,19.25,20.0,19.75,20.25,19.0,19.25,19.25,19.5,19.5,19.75,20.0,19.25,19.0,19.5,19.0,19.75,19.5,20.0,19.75,19.5,19.5,19.25,19.25,20.0,20.0,19.75,20.5,20.0,19.5,19.0,19.25,20.0,19.75,20.25,20.0,19.5,20.25,19.25,19.25,19.75,19.75,20.0,19.5,20.25,19.25,18.5,19.25,19.75,19.75,20.0,19.75,19.5,19.5,24.81,2020-11-05 03:01:16.010,-1.0121407176149417,0.641514881692949
1416,18.75,19.25,19.5,19.5,18.75,19.25,19.75,19.25,19.25,19.5,19.25,19.75,20.0,19.75,19.5,19.5,19.0,19.25,19.75,19.75,19.75,20.25,19.75,19.25,19.5,19.75,19.75,19.75,19.5,19.75,19.5,19.75,19.5,19.25,19.75,20.25,19.5,20.0,19.75,19.25,19.0,19.5,19.5,19.5,19.25,20.0,19.75,19.75,19.0,19.25,20.0,19.5,19.5,20.0,20.0,19.5,19.0,19.0,19.5,19.5,19.75,20.0,20.0,19.5,24.81,2020-11-05 03:01:16.112,-0.936595518384529,0.6151987574311819
1417,19.0,19.0,19.75,19.5,19.0,19.25,19.5,19.5,19.25,19.5,19.5,19.75,20.25,19.75,20.0,20.0,19.25,19.0,20.0,20.0,20.0,19.75,19.25,19.0,19.75,19.25,20.0,20.0,20.0,20.0,19.5,19.5,18.75,19.25,20.0,20.0,19.75,20.25,20.25,19.25,18.75,19.25,19.5,19.75,19.75,20.0,19.5,19.75,18.75,19.5,19.5,19.75,20.0,20.0,20.0,19.75,18.75,19.0,19.5,19.75,19.25,19.75,20.0,19.5,24.81,2020-11-05 03:01:16.214,-0.84599345493883,0.6025191800879692
1418,18.5,19.75,19.5,19.5,19.0,19.25,19.75,19.75,19.0,19.5,19.5,19.5,19.75,19.75,19.75,19.5,19.25,19.5,20.25,19.75,20.0,20.25,19.5,19.25,19.5,19.25,19.5,20.0,20.0,20.0,19.5,19.5,19.0,19.75,20.0,19.75,20.0,20.25,20.25,19.75,19.0,19.25,19.5,20.0,20.25,19.75,19.75,19.75,18.75,19.25,20.0,20.0,20.25,20.5,19.25,20.0,19.25,19.5,19.75,20.25,19.75,19.75,19.0,18.75,24.81,2020-11-05 03:01:16.313,-0.7576952764212295,0.5932443323147111
1419,18.75,19.5,19.5,19.75,19.5,19.5,19.75,19.5,18.5,19.0,19.5,19.5,19.75,19.75,20.0,19.75,18.75,19.5,20.0,20.25,20.0,20.25,19.75,19.25,19.75,19.75,20.0,19.75,20.0,20.0,19.5,19.75,19.0,19.5,20.0,20.25,20.0,20.75,20.0,19.75,19.0,19.0,19.5,20.0,20.25,19.75,20.0,19.75,18.5,19.25,19.5,20.0,20.5,19.75,20.75,19.5,18.75,18.25,20.0,20.0,19.5,20.0,19.5,19.75,24.81,2020-11-05 03:01:16.414,-0.6662645462835224,0.5826760159381426
1420,19.5,19.75,20.0,19.5,19.0,20.0,19.5,19.25,18.75,19.25,19.25,19.0,20.0,19.75,20.0,19.75,19.25,19.25,20.0,20.0,20.0,19.75,19.25,19.5,19.75,19.75,19.5,19.75,20.25,20.0,19.5,19.75,19.0,19.75,20.0,19.75,19.75,19.75,19.75,19.5,19.0,19.5,20.0,20.0,20.0,19.75,19.75,19.5,19.0,19.0,19.5,20.0,20.0,19.75,20.25,20.0,18.5,18.75,19.25,19.75,19.0,19.5,19.25,19.5,24.81,2020-11-05 03:01:16.516,-0.5743822939485422,0.5787090115156015
1421,18.25,19.0,20.0,19.5,19.5,20.0,20.25,19.5,19.0,19.5,19.75,19.5,20.0,19.25,19.75,19.5,19.0,19.5,20.0,19.75,20.0,20.25,19.25,19.5,19.5,19.5,20.0,19.75,20.0,20.25,19.5,19.75,19.25,18.75,19.5,20.25,19.75,20.0,20.0,20.0,19.25,19.5,19.5,19.75,20.25,20.0,19.75,20.0,19.0,19.5,20.0,20.0,20.25,20.0,20.5,19.75,18.0,19.25,19.25,20.25,19.5,19.5,19.5,19.5,24.81,2020-11-05 03:01:16.616,-0.4829009533431489,0.5814684851484577
1422,19.0,19.75,19.5,19.75,19.25,19.5,20.25,19.75,18.5,19.25,19.5,19.5,20.0,19.75,19.75,19.75,19.0,19.75,20.0,20.0,19.75,20.25,19.5,19.5,19.5,19.75,19.75,20.0,20.0,20.25,19.25,20.0,19.25,18.75,20.0,20.0,19.75,20.0,19.75,20.0,19.5,19.5,19.5,19.75,20.0,20.0,19.75,19.5,18.75,19.25,20.0,20.0,20.25,20.25,20.0,19.75,18.75,18.75,20.0,19.75,19.5,19.5,19.25,19.75,24.81,2020-11-05 03:01:16.717,-0.39706024159436687,0.5773121383837259
1423,18.5,19.5,19.5,19.75,19.5,19.5,19.75,19.25,18.5,19.5,19.75,19.5,20.25,20.25,19.5,20.0,19.0,19.75,19.75,20.25,19.5,20.0,19.5,19.25,19.75,19.5,19.75,20.0,20.25,20.0,19.5,19.75,19.0,19.0,20.25,20.0,20.0,20.25,20.0,19.5,19.75,19.5,19.75,19.5,20.0,20.25,20.0,19.75,18.75,18.75,19.5,20.0,20.25,19.75,19.75,19.75,19.0,19.0,19.75,20.0,20.0,20.0,19.5,19.25,24.81,2020-11-05 03:01:16.819,-0.30186761196015144,0.5867118084188095
1424,19.0,19.5,19.25,20.0,19.5,19.75,20.0,19.5,19.5,19.0,20.25,19.75,20.25,19.5,20.25,20.0,19.25,19.5,20.0,20.25,20.0,20.25,19.5,19.5,19.75,19.75,20.0,20.0,20.25,19.5,19.25,20.25,19.25,19.75,20.5,20.0,20.25,20.25,19.75,20.0,18.75,19.5,19.75,19.75,20.0,20.0,20.0,20.0,19.0,19.25,19.5,19.75,20.0,20.25,19.5,19.5,18.5,18.75,19.25,20.25,19.5,20.0,19.25,19.75,24.87,2020-11-05 03:01:16.920,-0.20017128249796523,0.6351612889063506
1425,19.0,19.25,19.25,19.75,19.0,19.75,20.0,19.0,18.5,19.25,20.25,19.25,19.75,19.75,19.75,19.25,19.25,19.25,20.0,20.0,19.75,20.0,19.75,19.25,19.25,19.5,19.75,20.25,20.25,20.0,19.25,20.0,19.5,19.5,20.0,20.0,20.0,20.25,20.0,20.0,19.25,19.5,19.5,20.0,20.0,20.0,20.25,20.0,19.25,19.25,20.0,19.75,19.75,19.75,20.5,19.75,18.75,18.75,19.75,20.0,19.75,19.75,19.0,19.25,24.81,2020-11-05 03:01:17.020,-0.12474212934512892,0.6822271087213089
1426,18.25,19.5,19.25,20.0,19.25,19.75,19.5,19.75,18.5,19.25,19.75,19.5,20.0,19.75,19.75,19.25,19.25,19.25,19.75,19.75,20.0,20.0,19.75,19.5,18.75,19.5,20.0,19.75,20.0,20.0,19.25,20.0,19.25,19.5,20.25,20.0,19.5,20.0,20.25,19.75,18.75,19.25,19.75,19.75,20.0,19.75,20.25,19.25,18.5,18.75,19.75,20.0,19.75,20.25,20.25,19.5,18.5,19.25,19.25,19.25,19.75,19.5,19.5,19.25,24.81,2020-11-05 03:01:17.122,-0.06146950586582363,0.738750573269587
1427,18.75,19.25,19.25,19.5,19.25,19.25,19.75,18.75,19.0,18.75,19.5,19.75,19.75,19.5,20.0,19.25,19.0,19.25,19.75,20.25,19.75,19.75,19.75,19.5,19.5,19.5,19.75,20.0,20.0,19.75,19.5,20.25,19.75,19.25,20.25,20.0,19.75,20.0,20.0,19.25,18.75,19.25,19.75,19.75,20.25,19.75,19.5,19.75,18.5,19.0,19.5,20.0,19.5,19.75,19.5,19.75,18.25,18.25,19.25,19.75,19.5,19.75,19.25,19.5,24.81,2020-11-05 03:01:17.222,-0.013807103155238845,0.8051306247809289
1428,19.0,19.5,19.5,19.5,19.25,19.25,19.75,19.0,18.75,19.5,19.5,19.5,19.5,19.5,19.75,19.75,19.5,19.25,20.0,19.75,20.0,20.0,20.0,19.25,19.5,19.5,20.5,19.75,20.25,19.75,19.25,20.0,18.5,19.5,19.75,20.25,20.0,19.75,20.25,19.75,18.75,19.5,19.5,19.75,20.25,20.0,19.25,20.25,18.75,19.0,19.5,19.75,19.5,20.25,20.0,19.5,18.5,19.0,19.25,20.0,19.5,20.0,19.5,19.5,24.81,2020-11-05 03:01:17.324,0.03886372508433951,0.8719106588207464
1429,18.5,18.75,19.75,19.5,19.75,19.5,20.0,19.5,18.5,19.25,19.75,19.5,20.0,19.5,19.75,19.5,19.0,19.5,19.75,20.0,19.75,20.25,19.5,19.5,20.0,19.5,20.25,20.0,20.5,19.75,19.5,19.75,19.0,19.25,20.0,20.25,19.5,20.0,20.0,19.25,19.0,19.75,19.75,20.0,20.25,20.0,19.5,19.5,18.25,19.0,19.5,20.0,20.0,19.5,20.25,19.75,18.5,18.25,19.75,19.75,19.5,19.75,19.75,20.0,24.81,2020-11-05 03:01:17.426,0.09528042366510134,0.9506840435362538
1430,19.5,19.25,19.25,19.75,19.5,19.5,19.75,19.25,19.0,19.75,19.75,19.5,20.0,20.25,19.5,19.5,19.5,19.25,20.0,19.75,19.5,20.0,19.5,19.25,19.75,20.0,20.0,19.5,20.0,19.75,19.5,20.0,19.25,19.5,20.0,19.75,20.0,20.25,19.75,20.0,19.25,19.75,19.75,19.5,19.75,20.0,20.25,20.0,18.75,19.25,19.5,19.75,20.25,20.0,20.0,19.5,18.5,19.0,19.25,19.75,19.0,20.0,18.5,20.0,24.81,2020-11-05 03:01:17.528,0.13823248207767047,1.0424765048217473
1431,19.5,19.25,19.25,19.75,19.5,19.5,19.75,19.25,19.0,19.75,19.75,19.5,20.0,20.25,19.5,19.5,19.5,19.5,20.5,20.0,19.5,19.75,20.0,19.25,19.75,19.5,20.25,20.25,20.0,20.0,19.25,19.5,19.5,19.5,20.25,20.25,19.75,20.25,19.75,20.0,19.0,19.25,20.0,19.5,19.75,19.75,20.25,19.25,18.75,19.5,19.75,20.0,19.75,19.75,20.25,19.75,18.0,18.75,18.75,19.75,20.0,19.75,19.75,19.75,24.81,2020-11-05 03:01:17.626,0.1706518587750258,1.129849879757307
1432,18.75,19.25,19.75,19.75,19.5,19.5,19.75,19.25,18.75,19.5,19.75,20.0,20.0,19.75,20.0,20.0,19.5,19.5,20.5,20.0,19.5,19.75,20.0,19.25,19.75,19.5,20.25,20.25,20.0,20.0,19.25,19.5,19.25,19.25,20.0,19.75,19.75,20.25,20.0,19.75,18.75,19.75,20.0,19.75,20.25,19.75,19.25,19.75,18.75,19.25,19.25,19.75,19.75,20.0,19.75,19.75,18.5,19.25,20.0,19.0,19.75,19.75,19.25,18.75,24.81,2020-11-05 03:01:17.728,0.2030605950070044,1.2072405085382023
1433,18.75,19.0,20.0,19.5,19.25,19.0,19.5,19.25,18.75,19.5,19.25,19.25,19.75,19.5,19.5,19.5,19.75,19.5,20.25,20.25,19.75,20.25,19.75,19.75,20.0,19.5,19.75,20.0,20.25,20.0,18.75,19.75,19.25,19.25,20.0,19.75,19.75,20.25,20.0,19.75,18.75,19.75,20.0,19.75,20.25,19.75,19.25,19.75,19.0,19.0,19.75,19.5,20.5,20.0,20.0,19.75,18.75,18.75,19.25,19.5,19.5,19.25,19.75,19.75,24.81,2020-11-05 03:01:17.828,0.22699297923006917,1.2997576544056628
1434,19.0,19.75,19.25,19.5,19.5,19.5,20.0,19.75,19.5,19.75,19.75,19.5,20.0,20.25,20.25,19.25,19.5,19.25,20.5,20.25,20.0,20.5,19.25,19.25,20.25,19.75,19.75,20.25,20.5,20.0,19.25,19.5,19.25,19.5,20.0,20.0,20.0,20.0,19.75,19.75,19.75,19.5,19.75,19.75,20.0,20.0,19.25,20.5,19.0,19.0,19.75,19.5,20.5,20.0,20.0,19.75,18.75,18.75,19.25,19.5,19.5,19.25,19.75,19.75,24.81,2020-11-05 03:01:17.929,0.2374140630414604,1.3958026738308644
1435,18.75,19.5,19.5,20.0,19.25,19.5,19.5,20.0,19.25,19.25,19.25,20.0,20.0,19.75,19.75,19.0,20.25,19.25,20.0,19.5,19.5,20.0,19.75,19.75,20.25,20.0,20.0,19.75,20.0,20.25,19.25,19.75,19.25,19.0,20.0,19.75,19.75,20.25,20.0,19.0,19.0,19.25,19.5,20.0,20.0,19.75,19.5,19.5,17.75,18.75,19.75,19.75,19.75,19.75,19.75,19.5,18.25,19.25,19.75,20.25,19.5,19.5,19.5,19.5,24.81,2020-11-05 03:01:18.031,0.22982280019430423,1.4954064964861515
1436,19.0,19.5,20.0,19.75,19.5,19.5,20.25,19.75,19.0,19.75,20.0,20.0,20.0,19.75,20.0,19.25,20.5,19.75,20.0,19.5,19.75,19.75,19.75,19.25,20.75,19.25,19.75,19.75,20.5,19.25,19.75,19.75,19.0,19.75,20.25,20.25,19.75,20.0,19.75,19.0,19.0,19.25,19.75,19.75,20.0,19.5,20.0,19.0,18.5,19.75,19.5,20.0,19.75,20.0,19.5,19.5,18.75,19.25,19.25,19.0,19.5,20.0,19.25,19.5,24.81,2020-11-05 03:01:18.131,0.21677475233889526,1.5836225834059545
1437,18.75,19.25,19.25,19.0,19.5,20.0,19.5,19.0,20.25,19.25,19.75,19.5,20.0,20.0,19.5,19.5,21.0,19.75,20.25,20.25,20.0,20.0,19.5,19.25,20.75,19.75,20.0,20.0,19.75,19.5,19.5,19.75,18.75,19.75,20.0,20.0,19.25,20.0,19.5,19.75,19.0,19.5,19.75,20.0,19.75,19.5,20.0,19.25,18.5,19.5,19.75,19.25,20.0,19.75,20.0,19.5,18.0,19.0,19.25,20.0,19.5,19.5,19.75,19.0,24.81,2020-11-05 03:01:18.232,0.18009744832610494,1.6612126129118492
1438,19.25,19.25,19.75,19.75,19.25,19.25,19.5,19.25,18.75,19.5,19.5,19.5,19.75,19.5,20.25,19.5,21.5,20.0,20.5,20.25,19.75,20.0,19.25,19.5,20.75,20.5,20.5,20.25,20.0,20.0,19.25,19.75,19.25,20.0,19.5,20.0,19.25,20.0,19.75,19.75,19.0,19.25,19.75,19.5,19.75,19.75,20.25,19.25,18.25,19.25,19.5,19.75,19.75,19.75,20.25,19.75,18.5,18.75,19.75,20.0,19.75,20.0,19.75,19.0,24.81,2020-11-05 03:01:18.333,0.14697517785007996,1.7429941686121324
1439,19.5,18.75,19.75,19.5,19.5,19.5,19.75,19.5,19.5,19.25,19.5,19.75,19.75,20.0,19.75,19.75,21.5,21.5,20.5,19.5,19.75,19.75,19.25,18.75,21.0,20.75,20.25,20.0,19.75,19.5,19.5,19.75,19.25,19.75,19.75,19.75,19.75,20.5,20.0,19.5,18.75,19.75,19.75,19.75,20.0,19.75,19.5,19.5,19.25,19.75,19.75,19.75,20.25,20.25,19.75,19.75,18.5,18.5,19.25,19.5,19.5,19.75,19.0,19.5,24.81,2020-11-05 03:01:18.434,0.10765963419785426,1.8249456086430418
1440,18.5,19.75,19.5,19.75,20.0,19.5,19.75,19.25,19.5,20.0,19.75,19.75,20.0,19.75,19.5,19.5,21.25,22.25,21.25,20.5,19.75,20.25,19.5,19.25,21.75,21.0,20.5,20.0,20.0,19.75,19.25,20.0,19.25,19.75,20.25,20.0,19.5,20.25,20.25,19.5,18.75,19.5,19.75,19.75,20.0,20.25,20.0,19.5,18.75,19.25,19.75,20.25,20.0,20.25,20.25,19.75,18.75,18.5,19.0,19.25,20.0,19.75,19.25,19.0,24.81,2020-11-05 03:01:18.535,0.052060208477693715,1.910096834378634
1441,19.5,19.75,19.5,19.75,19.5,19.5,19.5,19.75,19.5,19.75,20.0,19.75,20.0,19.75,19.75,19.25,21.25,22.25,21.5,20.0,19.75,20.25,19.75,19.5,21.75,21.25,21.0,19.5,19.75,20.0,19.25,19.75,19.25,20.75,20.0,20.25,19.75,20.25,20.0,20.0,19.5,19.25,19.5,19.5,19.75,20.0,19.75,19.5,18.25,19.25,19.5,20.0,20.5,20.25,20.0,19.25,18.0,19.0,19.25,20.25,19.5,19.5,19.75,19.0,24.81,2020-11-05 03:01:18.638,-0.009926294343284561,2.0004382873058315
1442,19.25,19.25,19.25,19.5,19.25,19.5,20.0,20.0,19.0,19.5,19.75,19.75,20.0,19.5,20.0,19.75,20.0,21.5,21.75,20.25,20.0,20.0,19.5,19.25,21.5,22.0,22.0,20.0,20.0,19.5,20.0,19.25,20.25,21.0,20.5,19.75,19.75,20.5,20.25,19.75,19.5,19.5,20.0,19.5,19.75,19.5,20.0,20.0,19.0,19.25,19.5,19.75,20.25,19.75,20.75,19.75,18.75,19.0,19.25,20.0,19.0,20.0,19.0,19.0,24.81,2020-11-05 03:01:18.737,-0.06350092373765369,2.0869186913761406
1443,18.75,18.75,19.75,19.5,19.25,19.75,20.0,19.0,19.25,19.75,20.0,19.5,20.0,19.5,20.0,19.0,19.5,19.75,21.25,20.25,19.75,20.0,20.0,19.25,20.25,22.25,22.25,21.0,20.25,20.0,19.75,20.0,20.25,21.25,20.75,20.5,19.5,20.0,20.0,19.25,19.0,19.75,20.0,19.5,20.0,20.0,19.75,19.25,18.75,19.0,19.75,19.5,19.75,19.75,20.25,19.75,19.0,18.75,19.25,20.0,19.75,19.25,19.5,19.75,24.81,2020-11-05 03:01:18.838,-0.12560141320471194,2.1712328869571262
1444,18.75,20.0,19.75,19.25,19.5,19.5,20.0,19.0,19.0,20.0,19.75,19.5,19.75,19.75,19.75,19.75,19.25,19.75,20.0,20.25,20.0,20.25,20.0,19.5,19.75,21.0,22.75,21.75,20.0,20.0,19.5,19.75,19.5,21.5,21.5,20.75,19.75,20.5,19.75,20.25,19.75,20.0,21.25,19.5,20.0,19.75,20.0,20.25,18.5,19.25,19.0,19.5,20.25,19.75,20.0,20.0,18.5,18.5,20.0,19.5,19.75,20.0,19.25,19.5,24.81,2020-11-05 03:01:18.940,-0.19870636942867181,2.2449476166095264
1445,19.0,19.0,19.75,20.0,19.75,19.75,19.75,19.5,19.25,19.0,19.5,20.0,20.0,19.25,20.25,19.5,19.25,19.5,20.25,20.25,19.75,20.25,19.5,19.25,19.5,19.5,21.0,21.5,20.5,20.25,19.5,19.75,19.25,20.5,22.75,22.25,20.25,20.25,20.0,19.25,19.75,20.0,21.0,20.25,19.75,19.75,20.0,20.25,18.75,19.25,20.0,20.0,20.25,19.75,20.0,19.25,18.75,18.75,19.75,19.75,19.5,19.75,20.0,19.5,24.81,2020-11-05 03:01:19.042,-0.2772055935247942,2.3156206553783805
1446,19.25,19.25,20.0,19.5,19.75,20.0,20.0,19.5,19.25,19.25,20.0,19.75,19.75,19.5,19.75,19.5,19.25,19.5,20.0,20.25,20.0,20.0,19.5,19.25,19.5,19.75,20.5,20.25,20.0,20.0,19.5,19.75,19.25,19.75,22.25,23.25,21.5,20.25,20.25,19.5,18.75,20.25,22.5,22.0,20.0,20.25,19.75,20.25,18.75,19.5,20.25,20.25,20.25,20.0,20.0,19.75,18.5,19.0,20.25,19.75,20.0,19.5,19.25,20.25,24.81,2020-11-05 03:01:19.142,-0.36260195697793773,2.387812349075773
1447,18.0,19.5,20.0,19.5,19.25,19.5,19.75,19.75,18.75,19.5,19.5,20.0,20.0,19.75,20.25,19.75,19.25,19.0,20.25,20.25,20.25,20.0,20.0,19.5,19.25,19.5,20.5,20.0,20.5,20.0,19.5,20.25,19.0,19.25,20.5,21.75,21.0,20.5,19.75,20.0,18.75,19.5,21.5,23.75,22.75,21.0,20.0,19.5,18.75,19.25,20.5,22.5,21.0,20.5,20.0,19.75,18.5,18.5,20.0,20.5,19.5,20.0,19.5,19.25,24.81,2020-11-05 03:01:19.243,-0.46105070370844387,2.4657974083092973
1448,18.25,19.0,20.0,19.25,19.25,19.25,19.75,19.75,18.75,19.5,19.75,19.75,19.75,19.5,19.5,19.0,19.0,19.25,20.25,20.0,20.0,20.0,19.75,19.25,19.25,19.5,19.5,20.0,20.0,19.75,19.25,19.75,19.0,19.5,20.25,21.0,20.0,20.0,19.25,19.75,18.75,19.75,20.0,21.75,23.0,21.25,20.0,19.5,18.75,19.5,20.0,22.5,22.25,20.75,20.0,20.0,18.25,19.5,20.0,21.25,21.25,20.25,19.75,19.5,24.81,2020-11-05 03:01:19.345,-0.5559179199174196,2.55538450757501
1449,19.75,19.25,19.25,19.5,19.75,19.75,20.0,19.0,18.75,19.25,19.75,19.5,20.0,19.75,20.0,20.0,19.25,19.25,20.25,20.25,19.75,20.0,19.75,19.25,19.25,19.75,19.5,20.0,20.5,20.25,19.75,19.5,18.75,19.25,20.0,20.0,20.0,20.25,20.0,19.75,18.75,19.25,19.5,20.25,21.5,20.75,20.0,20.0,19.0,19.5,19.75,22.25,24.25,21.75,20.25,19.75,18.75,18.75,19.75,20.75,22.75,21.0,19.75,20.0,24.81,2020-11-05 03:01:19.445,-0.6341168901854236,2.6508268968707087
1450,19.25,19.25,19.5,19.5,19.5,19.75,20.0,19.25,18.25,19.75,19.5,20.0,19.75,19.75,19.75,19.25,19.5,19.75,20.0,20.25,20.0,20.0,19.75,20.0,19.25,19.5,20.0,20.25,20.25,20.0,19.5,20.0,19.25,19.25,20.0,20.25,20.0,20.0,20.0,19.75,18.75,19.25,19.75,19.75,21.0,20.25,20.25,20.0,18.75,19.25,19.5,20.25,22.5,22.75,20.5,20.0,18.0,18.25,19.75,20.25,22.75,22.5,20.25,20.0,24.81,2020-11-05 03:01:19.545,-0.7014327952453212,2.7440593511461433
1451,18.5,20.0,19.5,19.5,19.5,19.75,19.5,19.0,18.75,19.75,20.0,19.25,20.0,19.25,19.5,19.0,19.25,19.25,20.25,20.0,19.5,20.0,19.5,19.25,19.75,20.0,19.5,19.75,20.5,19.75,19.5,19.75,19.0,19.0,20.0,20.25,19.5,20.25,20.25,19.5,19.0,19.25,19.5,20.5,20.25,20.25,20.25,20.0,18.25,19.25,19.75,20.0,21.75,22.5,20.75,19.75,18.0,19.25,19.75,20.0,22.0,24.0,20.25,20.0,24.81,2020-11-05 03:01:19.647,-0.7611170078728023,2.842046796141415
1452,18.5,19.25,19.5,19.5,19.5,19.75,19.5,19.5,18.5,19.5,19.5,19.75,20.0,19.75,20.0,19.5,19.25,19.5,20.25,20.0,19.5,20.25,19.75,19.25,19.5,20.0,20.0,19.75,20.5,20.5,19.5,20.0,18.75,19.5,20.5,20.5,20.25,20.5,20.0,19.75,18.5,19.5,20.0,20.25,20.25,20.25,20.25,19.75,18.5,18.75,20.0,20.25,21.75,21.75,21.25,19.75,18.25,18.5,20.0,20.25,20.5,22.75,21.25,20.0,24.87,2020-11-05 03:01:19.747,-0.806866982943151,2.9430776897084843
1453,18.5,19.0,19.25,19.75,19.25,19.75,19.75,19.25,19.0,19.25,19.5,19.25,20.0,19.75,20.0,19.5,18.75,19.5,20.0,20.25,20.0,20.25,19.75,19.5,19.5,19.75,19.75,19.75,20.0,19.5,19.25,19.75,19.0,19.0,19.75,20.0,19.5,20.25,20.0,19.5,19.5,19.25,19.75,19.75,20.25,19.75,19.5,19.5,18.75,19.25,19.5,19.5,20.75,21.0,21.5,20.0,18.5,19.0,19.75,19.25,20.0,21.25,22.75,20.5,24.81,2020-11-05 03:01:19.848,-0.8514709665283949,3.0442287628295577
1454,19.0,19.25,19.25,19.25,19.0,19.25,19.75,19.25,18.75,19.25,19.75,19.5,19.75,19.75,19.75,19.75,19.25,19.5,19.5,20.0,19.75,20.25,19.75,19.25,19.5,19.25,20.25,19.5,20.25,20.25,19.5,20.25,19.5,19.5,20.0,20.25,19.5,20.5,20.0,19.75,19.0,19.25,19.75,20.25,20.5,19.75,20.75,20.25,19.0,19.0,19.75,20.0,20.25,21.0,20.75,20.0,19.0,18.75,19.5,19.5,20.0,21.5,22.0,21.0,24.81,2020-11-05 03:01:19.949,-0.8978128789048196,3.138215736207884
1455,19.0,19.0,19.75,19.75,19.25,19.5,20.0,19.25,18.75,19.25,19.75,20.25,20.0,20.0,19.75,19.75,19.5,19.25,20.0,20.25,19.75,20.5,19.75,19.5,19.75,19.5,20.0,20.25,20.0,20.0,19.5,20.0,19.0,19.25,20.25,19.75,19.5,20.0,19.75,19.75,19.25,19.25,20.0,20.0,20.5,20.25,20.0,19.75,18.5,19.75,19.5,20.25,20.25,20.25,20.25,20.25,18.5,18.75,19.0,19.75,20.25,20.5,21.75,21.5,24.81,2020-11-05 03:01:20.050,-0.9366505671159808,3.2335867428161444
1456,18.75,19.5,19.5,19.75,19.5,19.75,19.75,19.25,18.5,19.5,19.5,19.75,20.25,19.75,19.75,20.0,18.75,19.25,20.0,20.0,19.5,19.75,19.75,20.0,19.5,19.75,19.75,19.75,20.25,20.25,19.5,20.0,19.5,19.5,20.25,20.0,19.75,20.25,20.0,19.75,19.25,19.25,19.75,20.0,20.0,20.0,19.75,20.0,17.75,19.25,20.0,19.75,20.5,19.75,20.25,20.25,18.5,19.0,19.75,19.5,20.0,20.25,21.5,21.5,24.81,2020-11-05 03:01:20.151,-0.9663930126392404,3.3364587174066536
1457,18.5,19.5,20.0,20.0,19.75,19.5,19.75,19.5,18.75,19.25,19.5,19.75,19.75,20.25,19.75,19.75,19.0,20.0,19.75,20.0,20.0,20.25,20.0,19.5,19.25,19.25,20.0,20.0,20.5,20.25,19.75,20.25,18.75,19.0,20.25,20.25,20.0,20.0,20.25,19.25,18.75,19.5,20.0,19.75,20.0,20.0,20.0,19.75,18.5,19.25,19.75,20.0,20.0,20.25,20.75,20.0,18.5,19.25,19.25,19.5,19.75,20.0,20.75,22.25,24.81,2020-11-05 03:01:20.253,-0.9917459758212029,3.4394654601263595
1458,19.0,19.5,19.75,19.75,19.5,19.75,19.75,19.25,18.5,19.75,19.25,19.75,19.75,19.75,19.75,19.5,18.75,19.25,20.0,20.0,20.25,20.25,19.75,19.25,19.5,19.5,20.5,20.0,19.75,20.25,19.75,20.0,18.75,19.5,20.0,20.5,19.75,20.5,20.25,19.75,19.5,19.5,19.5,19.75,20.0,19.75,20.25,20.0,18.75,19.0,20.0,20.25,20.25,19.5,20.5,20.0,19.0,18.75,19.25,19.25,19.5,19.75,19.75,22.0,24.81,2020-11-05 03:01:20.353,-1.0046102202773026,3.5429418039941742
1459,18.75,19.5,19.5,19.75,20.0,19.75,20.0,19.25,19.25,19.25,19.5,20.0,20.0,19.75,20.0,19.5,19.5,19.25,20.25,20.0,20.0,20.25,19.75,19.5,19.75,19.75,19.75,20.0,20.0,20.25,19.75,20.25,19.25,19.25,20.25,20.0,20.0,20.5,20.0,19.5,18.75,19.25,20.0,19.25,20.25,20.0,20.0,19.75,18.5,19.25,20.0,20.25,20.5,19.75,20.25,20.25,18.0,19.25,19.25,20.0,19.5,20.0,20.0,20.5,24.81,2020-11-05 03:01:20.454,-0.9948304292291595,3.6517266133630564
1460,18.5,19.0,19.5,19.75,19.25,19.5,20.0,19.25,18.5,19.25,19.75,20.0,20.0,20.0,20.0,19.75,19.25,19.5,20.0,20.0,20.0,20.0,19.75,19.5,19.75,19.75,19.75,20.0,20.0,20.0,19.25,19.5,19.0,19.25,20.0,20.0,19.75,20.0,19.75,19.75,19.25,19.75,19.75,20.0,19.75,20.0,20.0,19.75,18.75,19.0,19.5,20.25,20.25,19.5,20.0,20.25,18.5,18.5,19.25,20.0,19.5,20.0,19.75,21.0,24.81,2020-11-05 03:01:20.558,-0.9668009516492406,3.7519371599414635
1461,18.5,19.5,19.75,19.75,19.25,19.75,19.75,19.25,19.0,19.25,19.25,20.0,20.25,19.75,20.0,19.5,18.75,19.25,20.0,20.25,19.75,20.25,19.75,19.5,19.5,19.5,19.5,20.25,20.0,19.75,19.75,20.0,19.0,19.5,20.25,20.25,19.75,20.25,20.25,20.0,19.25,19.5,19.75,19.5,20.0,19.5,20.0,19.75,19.0,19.5,19.5,19.5,20.25,19.5,20.25,20.0,19.0,19.0,19.75,19.25,19.75,19.75,19.75,20.5,24.81,2020-11-05 03:01:20.657,-0.926913150700563,3.838532326564704
1462,18.5,19.5,19.75,19.75,19.25,19.75,19.75,19.25,19.0,19.25,19.25,20.0,20.25,19.75,20.0,19.5,19.0,19.25,20.0,20.0,20.0,20.25,20.0,19.5,19.75,19.75,19.75,19.5,20.5,20.0,19.5,19.5,19.25,19.5,19.75,19.75,20.25,20.25,19.75,19.5,19.25,19.25,19.75,19.5,20.0,20.0,20.0,20.0,19.0,19.0,20.0,20.0,20.5,20.25,19.75,19.5,18.5,18.75,19.75,20.0,19.5,19.75,19.75,20.25,24.81,2020-11-05 03:01:20.757,-0.8757843315665372,3.919241125273511
1463,18.75,19.5,20.0,20.0,19.5,20.0,20.25,19.5,19.0,19.75,19.75,19.5,19.5,19.5,20.0,19.5,19.0,19.25,20.0,20.0,20.0,20.25,20.0,19.5,19.75,19.75,19.75,19.5,20.5,20.0,19.5,19.5,19.75,19.75,20.0,20.25,20.0,20.25,20.0,19.5,18.5,19.25,19.5,20.0,19.75,20.0,20.0,19.75,18.5,19.0,19.75,20.0,19.75,20.0,20.25,19.75,18.5,18.25,19.25,20.0,19.5,19.5,20.0,19.75,24.81,2020-11-05 03:01:20.860,-0.8145157424452787,4.0065435846997675
1464,19.0,19.25,19.5,19.5,19.5,19.5,20.0,19.0,18.25,19.0,19.75,19.0,19.75,19.75,19.75,19.75,19.25,19.25,19.5,20.25,20.25,20.0,19.75,19.25,19.25,19.75,19.75,20.25,20.25,20.0,19.5,20.0,19.75,19.75,20.0,20.25,20.0,20.25,20.0,19.5,18.5,19.25,19.5,20.0,19.75,20.0,20.0,19.75,19.0,19.5,19.5,19.75,20.5,20.5,20.0,20.25,19.0,19.0,19.5,19.5,19.5,19.75,19.25,19.75,24.81,2020-11-05 03:01:20.959,-0.7534765999923115,4.0768111092128985
1465,18.5,19.25,19.5,19.5,19.5,20.0,20.0,19.75,19.5,19.5,19.5,19.5,20.0,19.75,20.25,19.75,19.5,19.5,20.0,20.0,20.25,20.0,19.5,19.25,19.25,20.0,19.75,20.25,20.25,19.75,19.5,20.0,19.5,19.25,20.0,19.75,19.75,20.5,20.25,19.75,19.25,19.25,19.75,19.75,19.75,19.75,20.5,20.0,19.0,19.5,19.5,19.75,20.5,20.5,20.0,20.25,19.0,19.0,19.5,19.5,19.5,19.75,19.25,19.75,24.81,2020-11-05 03:01:21.059,-0.6804065747334367,4.133162751152249
1466,19.0,19.5,20.0,19.75,19.0,19.75,19.75,19.25,19.0,19.75,19.5,19.5,20.0,19.75,19.75,20.0,19.25,19.5,19.75,19.5,20.25,20.0,19.25,19.5,19.25,19.5,20.25,20.0,20.25,20.0,19.5,20.0,18.75,19.5,20.0,19.75,19.75,20.5,20.25,19.75,18.75,19.75,20.0,20.25,20.0,20.0,20.0,20.25,18.25,19.25,19.5,20.0,20.25,20.25,20.0,19.75,18.0,18.75,19.25,20.0,20.25,20.25,19.0,19.5,24.81,2020-11-05 03:01:21.162,-0.5985680022136582,4.18578562611894
1467,19.0,19.5,19.75,19.5,19.25,20.25,20.25,19.5,18.5,19.5,19.75,19.75,19.5,20.0,20.0,20.0,19.0,20.0,20.0,19.75,19.75,20.25,19.5,20.0,19.25,20.0,20.25,19.5,20.0,19.5,19.75,19.75,19.25,19.25,20.0,20.0,19.75,20.5,20.25,20.0,19.25,19.5,20.0,19.75,19.5,20.0,19.75,19.75,18.75,19.5,19.75,20.0,20.25,20.25,20.5,20.25,18.25,18.25,19.5,20.0,19.75,19.75,19.0,20.5,24.81,2020-11-05 03:01:21.262,-0.5178839143119914,4.2350182529024485
1468,18.25,19.5,20.0,20.25,20.0,20.0,19.75,19.75,19.25,19.75,19.5,19.5,20.0,20.0,20.0,19.25,19.5,19.25,20.25,20.0,20.0,20.25,20.0,19.25,19.25,19.75,20.0,20.25,20.25,20.0,19.75,20.25,19.0,19.5,20.0,20.0,20.0,20.25,19.75,20.0,18.75,19.25,20.25,19.75,20.5,20.25,20.0,20.0,18.25,19.0,20.0,20.25,20.0,20.0,20.25,19.75,18.5,18.75,19.5,20.0,19.75,20.0,19.5,19.5,24.81,2020-11-05 03:01:21.363,-0.4285319341010001,4.271993645186318
1469,18.5,19.5,19.75,19.75,19.5,19.5,20.0,19.75,19.0,19.75,19.75,19.5,20.25,19.75,20.0,19.5,19.0,19.0,20.0,19.75,20.0,19.75,19.5,19.5,19.5,19.75,19.75,20.0,20.25,20.25,19.25,19.75,19.0,19.25,20.0,20.25,19.5,20.0,20.0,20.0,19.0,19.25,19.5,20.0,19.75,19.5,20.0,20.0,18.5,19.0,19.25,20.25,20.5,19.25,20.0,20.25,18.75,18.75,19.75,19.75,19.5,19.75,19.5,19.5,24.81,2020-11-05 03:01:21.464,-0.33040216297362035,4.291193593401468
1470,18.5,18.75,19.25,19.25,19.5,20.0,20.0,19.0,18.75,19.5,19.75,19.0,20.0,19.75,20.0,19.25,19.75,19.25,19.5,20.25,20.0,20.25,19.75,19.5,19.25,19.75,19.5,20.25,20.25,19.75,19.75,19.75,19.25,19.75,20.0,20.0,20.0,20.25,20.0,19.75,19.0,19.25,19.5,19.75,20.25,20.25,20.25,19.75,18.75,19.5,20.0,19.5,20.25,19.5,20.0,20.0,18.5,19.0,20.0,20.0,19.5,20.0,19.5,19.25,24.81,2020-11-05 03:01:21.566,-0.23462599646376905,4.298753842806958
1471,19.0,19.5,19.75,19.75,19.25,19.5,19.75,19.0,18.5,19.75,19.75,20.0,20.25,19.75,19.75,20.0,18.75,19.75,20.25,20.0,20.25,20.25,20.0,19.25,19.75,19.5,19.75,20.0,20.0,20.0,19.5,20.0,19.5,19.5,20.0,20.25,20.0,20.25,20.0,19.75,19.0,19.0,19.75,19.75,20.25,20.25,19.75,19.75,19.0,19.25,19.75,20.0,20.25,19.5,20.5,19.5,18.75,18.5,19.5,20.25,19.75,20.0,20.0,19.5,24.81,2020-11-05 03:01:21.666,-0.1512438841102904,4.293171282589616
1472,18.75,19.75,19.5,19.25,19.5,19.25,19.75,19.25,19.0,19.5,19.5,19.75,19.75,19.75,20.25,19.75,19.0,19.0,20.25,20.0,20.5,20.0,19.5,19.75,19.75,19.5,19.75,20.0,20.25,20.0,19.5,20.0,19.0,19.5,19.75,19.75,20.0,20.0,20.5,19.75,18.75,19.75,19.5,20.0,19.75,19.75,19.75,20.0,18.75,19.0,19.75,20.0,20.0,20.0,20.0,20.0,18.5,19.0,19.5,19.5,19.25,20.0,19.5,20.0,24.81,2020-11-05 03:01:21.767,-0.06621843360276859,4.274048557212138
1473,19.0,19.25,19.5,19.75,19.5,19.75,20.0,19.5,18.5,19.25,20.0,19.75,20.25,19.75,19.75,19.75,19.25,19.5,20.25,20.25,20.25,20.25,20.25,19.5,19.75,19.25,20.0,19.75,20.5,19.75,19.75,20.0,19.25,19.5,20.0,20.0,20.0,20.25,20.0,20.0,19.25,18.75,19.75,19.75,20.0,20.0,20.0,20.0,18.5,19.5,20.0,20.0,20.5,20.25,20.0,19.75,19.0,19.0,19.75,19.75,20.0,20.0,19.75,19.5,24.81,2020-11-05 03:01:21.868,0.0166383676420085,4.260485432981757
1474,18.5,19.75,20.0,20.0,19.5,19.5,20.0,19.5,18.75,19.5,19.75,19.75,19.75,19.75,20.0,20.25,19.0,19.25,19.75,20.25,20.0,20.25,20.0,19.5,19.5,19.75,20.25,19.75,20.25,20.0,19.75,20.25,19.0,19.5,20.0,20.0,19.75,20.75,20.0,20.0,19.0,19.0,19.75,19.75,20.25,19.5,19.75,20.25,18.5,19.0,19.5,20.0,20.25,19.75,20.0,19.5,18.75,18.25,19.75,19.75,19.5,20.0,19.75,19.5,24.81,2020-11-05 03:01:21.968,0.09574914283769455,4.241942627510397
1475,18.5,19.25,19.75,19.25,19.5,19.75,20.5,19.5,19.0,20.0,19.75,19.5,20.0,20.0,20.25,20.0,19.0,19.5,20.25,20.25,19.75,20.25,19.75,19.75,20.0,20.0,20.25,19.75,20.5,20.0,19.75,20.25,19.5,19.5,20.0,20.25,19.75,20.25,20.0,19.75,19.5,19.75,19.75,19.75,20.25,20.25,20.0,20.0,19.0,19.5,19.5,19.5,20.5,20.25,20.25,19.75,19.0,19.25,19.25,19.5,19.75,20.25,19.25,19.5,24.81,2020-11-05 03:01:22.070,0.1738818118037195,4.203584554929469
1476,19.0,19.0,19.5,19.75,19.5,20.25,20.0,19.75,19.0,19.25,19.5,20.25,19.75,20.5,20.0,20.25,19.25,19.5,20.5,20.25,20.0,20.25,19.75,20.0,19.75,19.5,20.25,20.25,20.25,19.75,19.75,20.5,19.25,19.5,20.5,20.5,20.25,20.25,20.0,19.75,19.0,19.5,20.0,19.75,20.5,20.0,20.25,20.0,18.75,19.25,20.25,20.0,20.5,20.0,20.75,20.0,18.5,19.5,19.25,19.75,19.75,20.0,19.0,19.75,24.87,2020-11-05 03:01:22.171,0.25685501392174903,4.15391424859682
1477,19.0,19.5,19.5,19.75,19.75,19.25,20.25,19.5,19.0,20.0,19.75,20.25,19.75,20.25,20.0,19.25,19.25,19.25,19.5,20.25,19.75,20.25,19.75,19.25,20.0,19.75,20.0,20.0,20.5,19.75,19.75,19.75,19.25,19.75,19.75,20.5,20.0,20.25,20.25,20.0,19.5,19.5,19.25,20.0,20.25,20.0,20.25,19.75,18.75,19.25,19.5,20.25,20.0,20.25,20.25,20.25,18.5,19.25,19.5,19.75,19.75,19.5,19.75,19.5,24.81,2020-11-05 03:01:22.273,0.3416108194374736,4.105557836544808
